Merchant_Category,Fraudulent_Transactions,Avg_Amount_Fraud
Restaurants,80,2424.425
Groceries,78,2490.7179487179487
Retail,70,2582.6285714285714
Healthcare,70,2602.8714285714286
Electronics,70,2451.042857142857
Travel,63,2692.9206349206347
Entertainment,58,2238.1724137931033
