Transaction_Type,Avg_Amount
"ATM Withdrawal",2508.92172457095
"POS Purchase",2501.64978061428
Online,2495.998839458414
"Wire Transfer",2468.830091306074
