Location,Fraud_Count,Avg_Transaction_Amount
Durban,103,2493.6019417475727
"Cape Town",99,2603.929292929293
Pretoria,83,2174
Johannesburg,78,2586.9102564102564
Bloemfontein,65,2623.6
"Port Elizabeth",61,2538.8688524590166
